candidate_id,rank,score,reasoning
CAND_0081846,1,331.03,"Strong AI/ML profile with retrieval, ranking and production machine learning experience."
CAND_0018499,2,303.79,"Strong AI/ML profile with retrieval, ranking and production machine learning experience."
CAND_0077337,3,298.8,"Strong AI/ML profile with retrieval, ranking and production machine learning experience."
CAND_0020877,4,297.77,"Strong AI/ML profile with retrieval, ranking and production machine learning experience."
CAND_0079387,5,297.75,"Strong AI/ML profile with retrieval, ranking and production machine learning experience."
CAND_0071974,6,293.19,"Strong AI/ML profile with retrieval, ranking and production machine learning experience."
CAND_0044855,7,289.69,"Strong AI/ML profile with retrieval, ranking and production machine learning experience."
CAND_0075249,8,289.09,"Strong AI/ML profile with retrieval, ranking and production machine learning experience."
CAND_0043228,9,285.13,"Strong AI/ML profile with retrieval, ranking and production machine learning experience."
CAND_0062247,10,283.73,"Strong AI/ML profile with retrieval, ranking and production machine learning experience."
CAND_0055905,11,281.65,"Strong AI/ML profile with retrieval, ranking and production machine learning experience."
CAND_0074735,12,276.13,"Strong AI/ML profile with retrieval, ranking and production machine learning experience."
CAND_0054123,13,275.48,"Strong AI/ML profile with retrieval, ranking and production machine learning experience."
CAND_0051292,14,274.49,"Strong AI/ML profile with retrieval, ranking and production machine learning experience."
CAND_0046525,15,272.28,"Strong AI/ML profile with retrieval, ranking and production machine learning experience."
CAND_0094759,16,272.06,"Strong AI/ML profile with retrieval, ranking and production machine learning experience."
CAND_0041611,17,271.7,"Strong AI/ML profile with retrieval, ranking and production machine learning experience."
CAND_0069905,18,270.79,"Strong AI/ML profile with retrieval, ranking and production machine learning experience."
CAND_0002025,19,267.9,"Strong AI/ML profile with retrieval, ranking and production machine learning experience."
CAND_0033861,20,267.58,"Strong AI/ML profile with retrieval, ranking and production machine learning experience."
CAND_0089552,21,265.17,"Strong AI/ML profile with retrieval, ranking and production machine learning experience."
CAND_0083307,22,264.11,"Strong AI/ML profile with retrieval, ranking and production machine learning experience."
CAND_0028793,23,262.5,"Strong AI/ML profile with retrieval, ranking and production machine learning experience."
CAND_0070398,24,259.35,"Strong AI/ML profile with retrieval, ranking and production machine learning experience."
CAND_0030953,25,259.3,"Strong AI/ML profile with retrieval, ranking and production machine learning experience."
CAND_0055992,26,256.41,"Strong AI/ML profile with retrieval, ranking and production machine learning experience."
CAND_0007009,27,254.91,"Strong AI/ML profile with retrieval, ranking and production machine learning experience."
CAND_0016163,28,254.45,"Strong AI/ML profile with retrieval, ranking and production machine learning experience."
CAND_0066376,29,252.35,"Strong AI/ML profile with retrieval, ranking and production machine learning experience."
CAND_0075439,30,251.27,"Strong AI/ML profile with retrieval, ranking and production machine learning experience."
CAND_0093912,31,250.18,"Strong AI/ML profile with retrieval, ranking and production machine learning experience."
CAND_0053591,32,249.69,"Strong AI/ML profile with retrieval, ranking and production machine learning experience."
CAND_0039754,33,247.83,"Strong AI/ML profile with retrieval, ranking and production machine learning experience."
CAND_0068811,34,247.1,"Strong AI/ML profile with retrieval, ranking and production machine learning experience."
CAND_0075574,35,246.59,"Strong AI/ML profile with retrieval, ranking and production machine learning experience."
CAND_0060072,36,245.57,"Strong AI/ML profile with retrieval, ranking and production machine learning experience."
CAND_0026532,37,244.82,"Strong AI/ML profile with retrieval, ranking and production machine learning experience."
CAND_0006557,38,243.85,"Strong AI/ML profile with retrieval, ranking and production machine learning experience."
CAND_0044222,39,242.89,"Strong AI/ML profile with retrieval, ranking and production machine learning experience."
CAND_0091534,40,242.55,"Strong AI/ML profile with retrieval, ranking and production machine learning experience."
CAND_0051630,41,242.47,"Strong AI/ML profile with retrieval, ranking and production machine learning experience."
CAND_0099806,42,241.4,"Strong AI/ML profile with retrieval, ranking and production machine learning experience."
CAND_0061265,43,240.54,"Strong AI/ML profile with retrieval, ranking and production machine learning experience."
CAND_0086022,44,239.91,"Strong AI/ML profile with retrieval, ranking and production machine learning experience."
CAND_0094056,45,239.79,"Strong AI/ML profile with retrieval, ranking and production machine learning experience."
CAND_0005649,46,238.28,"Strong AI/ML profile with retrieval, ranking and production machine learning experience."
CAND_0040887,47,237.91,"Strong AI/ML profile with retrieval, ranking and production machine learning experience."
CAND_0001610,48,236.35,"Strong AI/ML profile with retrieval, ranking and production machine learning experience."
CAND_0007411,49,234.07,"Strong AI/ML profile with retrieval, ranking and production machine learning experience."
CAND_0049538,50,232.49,"Strong AI/ML profile with retrieval, ranking and production machine learning experience."
CAND_0096172,51,231.1,"Strong AI/ML profile with retrieval, ranking and production machine learning experience."
CAND_0041669,52,231.04,"Strong AI/ML profile with retrieval, ranking and production machine learning experience."
CAND_0030031,53,230.37,"Strong AI/ML profile with retrieval, ranking and production machine learning experience."
CAND_0029367,54,229.74,"Strong AI/ML profile with retrieval, ranking and production machine learning experience."
CAND_0045250,55,227.9,"Strong AI/ML profile with retrieval, ranking and production machine learning experience."
CAND_0064270,56,227.5,"Strong AI/ML profile with retrieval, ranking and production machine learning experience."
CAND_0042506,57,226.7,"Strong AI/ML profile with retrieval, ranking and production machine learning experience."
CAND_0047721,58,226.65,"Strong AI/ML profile with retrieval, ranking and production machine learning experience."
CAND_0084819,59,225.58,"Strong AI/ML profile with retrieval, ranking and production machine learning experience."
CAND_0015528,60,223.78,"Strong AI/ML profile with retrieval, ranking and production machine learning experience."
CAND_0039383,61,223.22,"Strong AI/ML profile with retrieval, ranking and production machine learning experience."
CAND_0041610,62,223.2,"Strong AI/ML profile with retrieval, ranking and production machine learning experience."
CAND_0052335,63,222.94,"Strong AI/ML profile with retrieval, ranking and production machine learning experience."
CAND_0022812,64,222.6,"Strong AI/ML profile with retrieval, ranking and production machine learning experience."
CAND_0053695,65,222.13,"Strong AI/ML profile with retrieval, ranking and production machine learning experience."
CAND_0066999,66,221.92,"Strong AI/ML profile with retrieval, ranking and production machine learning experience."
CAND_0008425,67,221.81,"Strong AI/ML profile with retrieval, ranking and production machine learning experience."
CAND_0079064,68,220.54,"Strong AI/ML profile with retrieval, ranking and production machine learning experience."
CAND_0093547,69,219.57,"Strong AI/ML profile with retrieval, ranking and production machine learning experience."
CAND_0074225,70,217.27,"Strong AI/ML profile with retrieval, ranking and production machine learning experience."
CAND_0092278,71,217.2,"Strong AI/ML profile with retrieval, ranking and production machine learning experience."
CAND_0042029,72,216.98,"Strong AI/ML profile with retrieval, ranking and production machine learning experience."
CAND_0044883,73,216.57,"Strong AI/ML profile with retrieval, ranking and production machine learning experience."
CAND_0086151,74,216.19,"Strong AI/ML profile with retrieval, ranking and production machine learning experience."
CAND_0006418,75,216.03,"Strong AI/ML profile with retrieval, ranking and production machine learning experience."
CAND_0088025,76,215.63,"Strong AI/ML profile with retrieval, ranking and production machine learning experience."
CAND_0013613,77,215.14,"Strong AI/ML profile with retrieval, ranking and production machine learning experience."
CAND_0027801,78,214.81,"Strong AI/ML profile with retrieval, ranking and production machine learning experience."
CAND_0087630,79,214.41,"Strong AI/ML profile with retrieval, ranking and production machine learning experience."
CAND_0058575,80,213.59,"Strong AI/ML profile with retrieval, ranking and production machine learning experience."
CAND_0011162,81,211.77,"Strong AI/ML profile with retrieval, ranking and production machine learning experience."
CAND_0080766,82,211.35,"Strong AI/ML profile with retrieval, ranking and production machine learning experience."
CAND_0030348,83,211.3,"Strong AI/ML profile with retrieval, ranking and production machine learning experience."
CAND_0091909,84,211.04,"Strong AI/ML profile with retrieval, ranking and production machine learning experience."
CAND_0027691,85,209.48,"Strong AI/ML profile with retrieval, ranking and production machine learning experience."
CAND_0076904,86,209.4,"Strong AI/ML profile with retrieval, ranking and production machine learning experience."
CAND_0095619,87,208.64,"Strong AI/ML profile with retrieval, ranking and production machine learning experience."
CAND_0009691,88,207.44,"Strong AI/ML profile with retrieval, ranking and production machine learning experience."
CAND_0092070,89,207.25,"Strong AI/ML profile with retrieval, ranking and production machine learning experience."
CAND_0013536,90,206.84,"Strong AI/ML profile with retrieval, ranking and production machine learning experience."
CAND_0041568,91,206.5,"Strong AI/ML profile with retrieval, ranking and production machine learning experience."
CAND_0030827,92,206.27,"Strong AI/ML profile with retrieval, ranking and production machine learning experience."
CAND_0077285,93,205.93,"Strong AI/ML profile with retrieval, ranking and production machine learning experience."
CAND_0036184,94,205.76,"Strong AI/ML profile with retrieval, ranking and production machine learning experience."
CAND_0036121,95,205.4,"Strong AI/ML profile with retrieval, ranking and production machine learning experience."
CAND_0095528,96,203.85,"Strong AI/ML profile with retrieval, ranking and production machine learning experience."
CAND_0017960,97,203.42,"Strong AI/ML profile with retrieval, ranking and production machine learning experience."
CAND_0016317,98,203.29,"Strong AI/ML profile with retrieval, ranking and production machine learning experience."
CAND_0046064,99,203.27,"Strong AI/ML profile with retrieval, ranking and production machine learning experience."
CAND_0072660,100,202.0,"Strong AI/ML profile with retrieval, ranking and production machine learning experience."
